,0
Saint,92.0
Dubai Shit,83.0
Huncho Jack,87.0
Thunder/Young Dumb & Broke (Medley),69.0
Motorcycle Patches,90.0
The Race,836.0
Eye 2 Eye,65.0
Modern Slavery,68.0
Black & Chinese,71.0
Wanted You,582.0
Look What You Made Me Do,19.0
Dusk Till Dawn,704.0
Too Much To Ask,946.0
Despacito,51.0
El Bano,98.0
My My My!,80.0
Silence,660.0
The Weekend,792.0
...Ready For It?,76.0
Krippy Kush,450.0
What Lovers Do,189.0
Ice Tray,434.0
Attention,195.0
No Name,82.0
I'll Name The Dogs,1064.0
My Dawg,462.0
Greatest Love Story,900.0
Mi Gente,87.0
The Greatest Show,352.0
Unforgettable,123.0
Gang Gang,73.0
Supastars,53.0
CC,96.0
White Sand,64.0
Emoji A Chain,87.0
Believer,204.0
The Way Life Goes,528.0
Auto Pilot,85.0
Round Here Buzz,1008.0
MIC Drop,252.0
BBO (Bad Bitches Only),96.0
Man Of The Woods,73.0
Sick Boy,195.0
Losing Sleep,1140.0
Like I Loved You,874.0
Rewrite The Stars,490.0
Filthy,54.0
Black Panther,91.0
I Get The Bag,286.0
For You (Fifty Shades Freed),228.0
Gucci Gang,69.0
Female,594.0
Legends,748.0
Shape Of You,58.0
Too Good At Goodbyes,92.0
End Game,234.0
Bodak Yellow (Money Moves),34.0
Kooda,712.0
Make Me Feel,99.0
The Ways,189.0
RONDO,73.0
Want You Back,61.0
Yours,931.0
Codeine Dreaming,676.0
You Broke Up With Me,1116.0
Rock,475.0
Stranger Things,91.0
Corazon,837.0
Good Old Days,912.0
Paramedic!,260.0
Boom!,88.0
Overnight,68.0
BoomTrap Protocol,97.0
Sorry Not Sorry,210.0
Plain Jane,648.0
Contra,60.0
66,73.0
Indica Badu,56.0
Yuck,87.0
Wassup,83.0
Going Down!,95.0
Found / Tonight,49.0
Infinity (888),83.0
Everybody Hates Me,100.0
Sky Walker,725.0
Dark Knight Dummo,492.0
No Limit,112.0
MotorSport,126.0
Pick It Up,1026.0
Wolves,440.0
Rubbin Off The Paint,1536.0
Betrayed,1216.0
Gummo,228.0
Love.,429.0
OKRA,89.0
No Smoke,1037.0
Beautiful Trauma,1170.0
Nowadays,715.0
Echame La Culpa,893.0
Hurt You,43.0
I Was Never There,35.0
NBAYoungboat,252.0
Privilege,52.0
Tempo,352.0
Lemon,756.0
All On Me,988.0
Broken Halos,900.0
Tell Me You Love Me,1007.0
No Roots,252.0
Get Up 10,76.0
Top Off,154.0
Bad At Love,160.0
Wasted Times,81.0
I Fall Apart,464.0
Hardaway,671.0
Guatemala,84.0
Anybody,89.0
Him & I,266.0
Bickenhead,86.0
Money Bag,116.0
Billy,400.0
She Bad,114.0
Lights Down Low,540.0
She's With Me,632.0
Get You,576.0
Gotti,99.0
Wake Me Up!,1836.0
The Long Way,780.0
Best Life,117.0
Brackets,30.0
Let You Down,324.0
Feel It Still,176.0
Once An Addict (Interlude),47.0
Window Pain (Outro),41.0
The Cut Off,28.0
Intro,53.0
Thunder,204.0
Ye vs The People,85.0
1985 (Intro To The Fall Off),40.0
Motiv8,30.0
Sugar Wraith,57.0
Jonestown (Interlude),73.0
Candy Paint,680.0
Bartier Cardi,280.0
Diamond Teeth Samurai,295.0
Barbie Tingz,336.0
Blame It On Me,94.0
Takin' Shots,87.0
Stir Fry,168.0
92 Explorer,120.0
When We,1482.0
Same Bitches,60.0
Sangria Wine,83.0
Outside Today,589.0
Change Lanes,68.0
Like That,73.0
Let It Sing,82.0
No Excuses,552.0
Red Roses,1380.0
Gucci Flip Flops,237.0
Kevin's Heart,40.0
What Would Meek Do?,75.0
Infrared,65.0
Most People Are Good,774.0
King's Dead,420.0
Dinero,80.0
All The Stars,147.0
Spoil My Night,75.0
The Games We Play,100.0
A$AP Forever,126.0
New Freezer,779.0
Shoota,184.0
Rich & Sad,84.0
Humility,85.0
Lust,348.0
Must've Never Met You,81.0
Finesse,69.0
I Thought About Killing You,28.0
Watch,80.0
"Freeee (Ghost Town, Pt. 2)",62.0
Singles You Up,950.0
Wouldn't Leave,48.0
Feel The Love,47.0
Violent Crimes,54.0
Drip,210.0
KIDS SEE GHOSTS,73.0
Cudi Montage,69.0
IDGAF,1127.0
Reborn,78.0
Pray For Me,140.0
Cop Shot The Kid,96.0
DDU-DU DDU-DU,55.0
F**k Love,560.0
Walk It Talk It,220.0
Bigger > You,106.0
I Know You,237.0
Wait,576.0
Sativa,1184.0
TATI,230.0
New Rules,282.0
Powerglide,476.0
"Woman, Amen",636.0
Havana,45.0
Say Amen (Saturday Night),183.0
Dura,903.0
The Remedy For A Broken Heart (Why Am I So In Love),275.0
Me Niego,291.0
March 14,57.0
I Lived It,1134.0
Japan,420.0
Esskeetit,288.0
Yikes,40.0
Everybody Dies In Their Nightmares,294.0
Is There More,72.0
Jocelyn Flores,380.0
KOD,120.0
That's How You Feel,74.0
Summer Games,56.0
Racks Blue,76.0
Peak,76.0
Sandra's Rose,54.0
Kream,96.0
Fr Fr,73.0
31 Days,130.0
Zombie,1746.0
Blue Tint,90.0
Can't Take A Joke,72.0
X,861.0
I Might Need Security,60.0
Freaky Friday,160.0
All Mine,99.0
Sit Next To Me,840.0
Don't Matter To Me,45.0
Ball For Me,224.0
Ocean,425.0
Whatever It Takes,324.0
Look Alive,125.0
Up Down,980.0
Houstonfornication,53.0
Who? What!,43.0
Butterfly Effect,1150.0
5% Tint,72.0
Can't Say,76.0
No Bystanders,62.0
Be Careful,220.0
Rich Sex,112.0
Nevermind,344.0
Album Of The Year (Freestyle),87.0
Have It All,90.0
Majesty,58.0
Thought I Knew You,98.0
Stop Trying To Be God,54.0
The Light Is Coming,178.0
Growing Pains,520.0
In My Blood,253.0
R.E.M,72.0
Sweetener,55.0
Made For Now,88.0
Goodnight N Go,87.0
Chun-Li,704.0
Pete Davidson,99.0
Take Back Home Girl,660.0
Kiss Somebody,424.0
Level Up,354.0
One Kiss,546.0
Happy Now,90.0
Get Along,462.0
Taking A Walk,138.0
Moonlight,260.0
Friends,319.0
Never Be The Same,216.0
Nice Guy,65.0
Summertime Magic,500.0
I Am Who They Say I Am,138.0
Normal,39.0
Good Guy,67.0
Te Bote,756.0
Narcos,1335.0
Come Back To Earth,91.0
Mine,374.0
Greatest,46.0
Hurt Feelings,70.0
I'm Upset,112.0
Feels Like Summer,108.0
Kamikaze,48.0
Pretty Little Fears,76.0
Cry Pretty,1080.0
Apes**t,195.0
Life Changes,504.0
Barbie Dreams,126.0
Hopeless Romantic,672.0
Self Care,99.0
OTW,1638.0
Vaina Loca,200.0
Lean Wit Me,544.0
Remind Me To Forget,693.0
All Girls Are The Same,820.0
Nice For What,25.0
Stargazing,64.0
God's Plan,36.0
Hooked,528.0
Perfect,56.0
Demon,81.0
Dark Side Of The Moon,26.0
Used 2,78.0
Mess,74.0
Start This S**t Off Right,76.0
Hittas,59.0
Open Safe,62.0
Open Letter,47.0
Took His Time,65.0
Dope N****z,39.0
Head Above Water,128.0
Let It All Work Out,75.0
Rap Devil,52.0
Dedicate,28.0
Deep End,97.0
Nico And The Niners,190.0
My Blood,81.0
Off White VLONE,54.0
Jumpsuit,316.0
Belly,80.0
Can't Be Broken,34.0
Maybe It's Time,93.0
Business Is Business,61.0
Is That Alright?,63.0
Rerun,88.0
Biggest Alley Oop,86.0
"Sunrise, Sunburn, Sunset",560.0
"If I'm Lyin, I'm Flyin",168.0
Pass Out,61.0
Simple,640.0
Meant To Be,102.0
Thunderclouds,475.0
Flip The Switch,48.0
Suncity,88.0
Yacht Club,91.0
Get Dripped,98.0
Drunk Girl,790.0
Drowns The Whiskey,1862.0
Break Up In The End,833.0
Venom,215.0
A Million Dreams,90.0
Killshot,24.0
Casper,99.0
Up To Something,100.0
Last Memory,108.0
Hotel Key,912.0
Back To You,468.0
Dreamcatcher,72.0
Love Scars 3,73.0
Jackie Chan,988.0
Toxic Waste,98.0
Big Bank,384.0
Negative Energy,89.0
Drew Barrymore,644.0
Psycho,39.0
Burn The House Down,100.0
Bohemian Rhapsody,1452.0
I Like Me Better,1107.0
W O R K I N M E,780.0
Sad!,38.0
Desperate Man,1410.0
Hangin' On,819.0
Nonstop,44.0
Never Recover,120.0
BEBE,430.0
Falling Down,143.0
In My Feelings,22.0
10 Freaky Girls,168.0
Yes Indeed,174.0
Boo'd Up,175.0
I'm A Mess,700.0
Noticed,800.0
Lose It,560.0
Come Out And Play,69.0
Don't Come Out The House,152.0
Best Part,1425.0
Respect The Game,57.0
Almost Slipped,73.0
Oodles O' Noodles Babies,85.0
Crush A Lot,82.0
Splash Warning,77.0
FEFE,60.0
Word On The Street,98.0
Tic Tac Toe,72.0
Ring,720.0
Global,91.0
Trauma,61.0
Championships,70.0
Difference (Interlude),84.0
WAKA,153.0
What Are You So Afraid Of,65.0
Guardian Angel,48.0
Train Food,64.0
Lie,960.0
God Is A Woman,176.0
I Don't Let Go,51.0
That's On Me,1120.0
Broken,638.0
On Me,60.0
Taste,232.0
TIC TOC,159.0
One Minute,62.0
What's Free,40.0
Here Comes Santa Claus (Down Santa Claus Lane),70.0
Testimony,74.0
MoshPit,58.0
MAMA,172.0
Uptown Vibes,117.0
Gnarly,88.0
